﻿<?xml version="1.0" encoding="gb2312"?>
<Template class="MessageBox" layout="window" size="300,160" name="msgbox" text="对话框"  center="true" bordercolor="#1874CD" bkcolor="#FF272727">
    <HorizontalLayout name="head" drag="true" height="23">
      <!--标题栏-->
      <HorizontalLayout name="Title" inset="0,0,28,0" drag="true">
        <Label name="title" text="消息框" textcolor="#FFFFFFFF" align="left" drag="true"/>
      </HorizontalLayout>
	<WindowCtl name="ctl"/>
    </HorizontalLayout>
    <NULL height="1" bkcolor="#FF151515"/>
  <HorizontalLayout>
    <Label name="text" align="center" drag="true"/>
  </HorizontalLayout>
  <HorizontalLayout height="38">
    <Button name="ok" text="确定" normalcolor="#FFFF0000" padding="10,0,10,8" round="5,5"/>
    <Button name="cancel" text="取消" padding="10,0,10,8" round="10,10"/>
  </HorizontalLayout>
</Template>
